"primary_cluster","secondary_cluster","Moon Jae-in (Deomcratic)","Hong Joon-pyo (Liberty Korea)","Ahn Cheol-soo (People's)","Yoo Seong-min (Bareum)","Sim Sang-jung (Justice)","Cho Won-jin (Saenuri)","Oh Young-guk (Economic Patriots)","Jang Seong-min (Grand National United)","Lee Jae-oh (Evergreen Korea)","Kim Seon-dong (People's United)","Lee Kyung-hee (Korean Nationalist)","Yoon Hong-sik (Hongik)","Kim Min-chan (Independent)","invalid","blank"
"Busan","Jung-gu",9918,10684,4675,1845,1274,47,4,11,3,14,7,9,18,95,11844
"Busan","Seo-gu",24522,26360,11868,4913,3131,77,8,70,14,32,25,51,77,298,27090
"Busan","Dong-gu",19606,22188,9815,3606,2589,65,14,47,19,21,19,31,62,222,21416
"Busan","Yeongdo-gu",30094,25345,13082,5375,3416,78,9,51,21,46,15,45,82,354,31872
"Busan","Busanjin-gu",95042,79545,40636,16855,12045,309,25,146,45,121,49,111,224,971,77427
"Busan","Dongnae-gu",67947,59616,30208,13211,8812,196,25,82,26,80,32,65,169,629,48366
"Busan","Nam-gu",68566,59137,30943,13029,8780,226,27,98,32,72,29,92,174,717,51916
"Busan","Buk-gu",83611,61175,32712,14567,9862,213,24,124,48,93,39,95,233,893,55004
"Busan","Haeundae-gu",102106,80904,48325,20918,12573,428,31,124,53,99,51,115,225,918,77754
"Busan","Gijang-gun",39412,26556,15909,6775,4988,107,17,54,16,43,20,58,95,343,29730
"Busan","Saha-gu",82452,65252,36713,14958,10664,225,25,138,66,71,63,85,215,949,68967
"Busan","Geumjeong-gu",60169,54418,26729,13143,8188,190,13,99,35,103,33,91,159,757,45754
"Busan","Gangseo-gu",30783,18711,10629,4875,3154,64,9,34,21,20,19,39,59,216,19885
"Busan","Yeonje-gu",52454,44221,23321,9900,6745,130,15,59,20,53,27,55,105,497,37663
"Busan","Suyeong-gu",43702,39832,20319,8414,5952,171,10,70,18,38,22,47,91,378,35573
"Busan","Sasang-gu",61743,46540,23023,10096,7156,125,20,109,28,75,46,52,168,687,48330
"Chungcheongbuk-do","Sangdang-gu, Cheongju-si",42308,27108,21983,6509,7306,132,27,60,44,95,63,87,127,467,33764
"Chungcheongbuk-do","Seowon-gu, Cheongju-si",56521,30471,28912,8459,9454,157,30,73,48,103,56,50,114,532,39220
"Chungcheongbuk-do","Heungdeok-gu, Cheongju-si",66281,31023,32756,9951,11601,144,40,74,73,123,60,71,188,679,49737
"Chungcheongbuk-do","Cheongwon-gu, Cheongju-si",50487,24026,24203,7285,8249,114,29,73,34,95,63,67,151,451,35454
"Chungcheongbuk-do","Chungju-si",43551,38532,28588,7233,8115,151,33,85,44,89,88,129,147,641,45374
"Chungcheongbuk-do","Jecheon-si",28517,26977,17768,5085,5249,99,19,76,40,64,74,106,135,491,29135
"Chungcheongbuk-do","Danyang-gun",5708,7901,4026,978,964,44,10,18,9,11,49,43,19,125,6794
"Chungcheongbuk-do","Yeongdong-gun",10432,10958,7017,1726,1873,42,18,35,17,50,29,70,77,210,11330
"Chungcheongbuk-do","Boeun-gun",7268,7587,4910,1015,1135,38,14,32,14,22,35,65,47,159,7675
"Chungcheongbuk-do","Okcheon-gun",11181,10431,7465,1552,1905,57,23,53,20,51,52,79,67,239,11555
"Chungcheongbuk-do","Eumseong-gun",20723,15180,13381,2988,3671,76,31,57,27,59,44,72,104,375,24720
"Chungcheongbuk-do","Jincheon-gun",15844,10265,9489,2239,2925,53,12,36,15,31,21,30,71,224,16316
"Chungcheongbuk-do","Goesan-gun",7876,9435,5830,1063,1198,29,14,31,19,30,39,55,54,151,8787
"Chungcheongbuk-do","Jeungpyeong-gun",8109,5608,5126,1199,1450,17,8,19,17,17,13,19,46,138,8386
"Chungcheongnam-do","Seobuk-gu, Cheonan-si",94202,37293,47891,14613,16591,234,40,125,60,119,89,73,209,790,73142
"Chungcheongnam-do","Dongnam-gu, Cheonan-si",59695,34869,34933,9089,11067,189,35,130,57,84,66,82,148,688,56136
"Chungcheongnam-do","Gongju-si",25036,18449,15814,2948,3852,82,24,58,31,77,57,82,108,400,26435
"Chungcheongnam-do","Boryeong-si",20674,19453,15428,2819,3546,74,16,68,27,65,51,64,102,438,24449
"Chungcheongnam-do","Asan-si",73461,36741,38368,10252,13340,203,41,132,54,105,64,85,184,765,62612
"Chungcheongnam-do","Seosan-si",37376,24572,23237,5520,7016,96,25,93,28,137,64,78,133,484,38358
"Chungcheongnam-do","Taean-gun",12881,12666,8940,1626,2093,39,5,31,12,42,39,47,48,271,16639
"Chungcheongnam-do","Geumsan-gun",11182,9416,8787,1312,1679,39,19,37,15,49,50,45,87,251,13669
"Chungcheongnam-do","Nonsan-si",28265,16948,18844,3503,3897,82,21,87,31,117,57,62,123,397,31123
"Chungcheongnam-do","Gyeryong-si",9566,6261,6722,2222,1502,34,6,20,6,35,6,13,29,108,6123
"Chungcheongnam-do","Dangjin-si",37191,23597,20852,4907,7638,107,24,177,31,221,45,68,126,433,39169
"Chungcheongnam-do","Buyeo-gun",13492,13761,11022,1881,2382,52,18,33,23,76,66,90,106,286,17753
"Chungcheongnam-do","Seocheon-gun",12554,9891,8744,1551,1647,37,9,47,10,44,37,43,64,211,14086
"Chungcheongnam-do","Hongseong-gun",21021,16682,14251,3133,3845,61,18,50,17,39,57,77,74,320,23327
"Chungcheongnam-do","Cheongyang-gun",6185,7104,5140,826,1080,28,7,22,11,15,24,48,42,135,7861
"Chungcheongnam-do","Yesan-gun",13880,18911,11243,2319,2693,58,16,38,16,35,31,68,79,281,20826
"Daegu","Jung-gu",11477,24698,7170,5931,2369,157,5,22,9,21,10,42,37,232,16677
"Daegu","Dong-gu",47350,100166,31351,35819,9509,609,40,84,41,132,61,157,185,1006,67764
"Daegu","Seo-gu",22004,68782,17808,12259,5373,266,25,69,27,78,44,111,164,649,45700
"Daegu","Nam-gu",19862,50304,13978,10365,4486,284,15,36,22,43,26,78,88,472,36147
"Daegu","Buk-gu",62526,121368,42369,33915,13833,626,48,85,55,128,81,165,293,1233,79014
"Daegu","Suseong-gu",64922,123074,43698,38613,12778,718,30,81,58,127,43,121,194,1071,70860
"Daegu","Dalseo-gu",82726,165781,57956,45593,18805,1155,62,138,72,195,90,194,346,1653,104315
"Daegu","Dalseong-gun",31753,60032,21427,15964,7287,242,34,48,40,80,46,118,194,655,41452
"Daejeon","Dong-gu",57580,33015,34729,7746,9376,162,42,126,44,91,43,75,155,639,50366
"Daejeon","Jung-gu",62115,37657,37504,8885,9795,239,34,119,54,100,51,78,134,632,50620
"Daejeon","Seo-gu",133604,59593,70732,20091,21396,317,48,175,59,216,69,124,230,1120,86765
"Daejeon","Yuseong-gu",103313,35445,47081,16145,14723,209,20,98,33,114,47,78,118,663,48545
"Daejeon","Daedeok-gu",47933,25666,28723,6953,8379,142,24,102,44,90,46,51,121,542,38409
"Gangwon-do","Chuncheon-si",66874,43494,38684,12402,12758,251,27,104,62,103,60,110,187,763,53407
"Gangwon-do","Wonju-si",77495,50750,45776,13797,14406,319,47,157,44,198,82,109,215,838,69625
"Gangwon-do","Gangneung-si",41565,44421,26895,9690,8368,195,19,91,43,99,63,113,150,683,46066
"Gangwon-do","Donghae-si",17184,19009,11345,3917,3406,95,9,47,24,69,38,38,88,273,20517
"Gangwon-do","Samcheok-si",13496,15971,8185,2878,2898,52,13,38,21,41,42,77,86,299,14983
"Gangwon-do","Taebaek-si",9557,10046,4971,1468,1736,30,8,24,10,28,12,35,27,149,10900
"Gangwon-do","Jeongseon-gun",8270,8323,4489,1170,1215,32,15,22,7,35,19,46,64,152,9549
"Gangwon-do","Sokcho-si",15045,13883,11031,3422,3143,73,9,28,14,23,20,33,52,209,20486
"Gangwon-do","Goseong-gun",5664,6511,3964,1239,979,23,8,27,5,16,12,26,47,171,6945
"Gangwon-do","Yangyang-gun",5017,6687,3868,1044,954,37,12,22,14,14,18,22,24,120,6000
"Gangwon-do","Inje-gun",6574,6009,4759,1665,1311,32,13,23,13,21,28,24,69,210,6500
"Gangwon-do","Hongcheon-gun",13851,13549,10023,2879,2687,60,20,49,17,81,36,47,63,286,16234
"Gangwon-do","Hoengseong-gun",8833,10423,6479,1675,1612,64,8,31,7,37,27,41,44,166,10438
"Gangwon-do","Yeongwol-gun",8067,8779,5753,1532,1424,40,8,24,12,34,25,47,39,141,8980
"Gangwon-do","Pyeongchang-gun",8591,9348,5998,1547,1588,33,9,26,8,22,34,38,42,160,10034
"Gangwon-do","Hwacheon-gun",5161,5019,4000,1441,1113,32,8,21,2,14,18,21,41,192,5081
"Gangwon-do","Yanggu-gun",4526,4250,3519,1287,944,16,7,19,8,19,24,27,40,162,4762
"Gangwon-do","Cheorwon-gun",8998,8437,7101,2225,1847,42,12,34,10,22,12,16,72,275,10781
"Gwangju","Dong-gu",37053,1308,23438,1372,2665,13,5,45,10,115,13,19,47,184,17091
"Gwangju","Seo-gu",124183,3182,62218,4627,9247,20,17,198,32,450,20,45,116,432,42808
"Gwangju","Nam-gu",85642,2521,47663,3085,6013,38,19,142,12,296,21,56,89,440,31210
"Gwangju","Buk-gu",177850,4241,88501,6274,13206,48,24,157,23,622,31,87,172,765,64096
"Gwangju","Gwangsan-gu",159119,3630,65402,5504,12588,33,46,113,26,782,51,57,190,668,54375
"Gyeonggi-do","Jangan-gu, Suwon-si",81392,37143,43344,13774,13660,245,33,136,43,180,43,69,149,706,48692
"Gyeonggi-do","Gwonseon-gu, Suwon-si",95263,42801,51061,15482,15573,273,43,175,60,195,69,77,206,800,68265
"Gyeonggi-do","Paldal-gu, Suwon-si",49814,27782,28228,8218,8315,172,20,94,27,105,36,53,109,485,43664
"Gyeonggi-do","Yeongtong-gu, Suwon-si",105181,33354,46872,18468,15086,228,23,92,26,117,24,54,124,658,43695
"Gyeonggi-do","Sujeong-gu, Seongnam-si",63867,28395,36752,9315,9649,201,27,120,22,253,48,64,129,572,51691
"Gyeonggi-do","Jungwon-gu, Seongnam-si",62729,27896,36512,8502,9599,211,36,116,29,355,42,63,142,569,51862
"Gyeonggi-do","Bundang-gu, Seongnam-si",139853,71332,74040,30351,20415,544,22,96,53,206,35,99,143,887,64984
"Gyeonggi-do","Uijeongbu-si",110580,57027,65003,17254,18284,422,31,155,63,214,81,122,238,930,89851
"Gyeonggi-do","Manan-gu, Anyang-si",70454,35189,38671,10990,11275,257,23,149,32,109,59,55,129,603,47037
"Gyeonggi-do","Dongan-gu, Anyang-si",101278,43072,51966,17577,15294,298,26,129,30,110,48,51,112,683,46702
"Gyeonggi-do","Bucheon-si",239697,100544,128297,34085,36775,706,94,365,126,395,149,192,417,1935,162108
"Gyeonggi-do","Gwangmyeong-si",97959,39081,51958,13835,14345,294,32,139,49,142,45,66,162,688,52921
"Gyeonggi-do","Pyeongtaek-si",104574,62827,64057,19321,20128,344,62,225,69,358,118,97,338,1159,105870
"Gyeonggi-do","Yangju-si",46286,29739,28469,7602,7921,164,34,97,50,105,51,56,158,612,43564
"Gyeonggi-do","Dongducheon-si",19444,15733,12808,3201,3662,86,11,50,18,51,21,34,74,294,24848
"Gyeonggi-do","Sangnok-gu, Ansan-si",98564,39723,55067,14307,16558,272,49,206,51,169,83,75,215,927,78903
"Gyeonggi-do","Danwon-gu, Ansan-si",80771,33862,45779,11938,13251,206,31,149,48,137,76,68,192,745,65595
"Gyeonggi-do","Deogyang-gu, Goyang-si",120063,55157,61581,18038,30094,409,37,143,134,194,66,87,172,912,79178
"Gyeonggi-do","Ilsandong-gu, Goyang-si",81622,34980,41166,13989,15308,268,26,87,43,86,24,54,105,539,51173
"Gyeonggi-do","Ilsanseo-gu, Goyang-si",85919,35147,41563,13991,14764,265,23,80,42,88,23,57,105,543,46459
"Gyeonggi-do","Gwacheon-si",16528,9055,8736,3354,2814,72,8,14,7,17,9,19,29,127,8417
"Gyeonggi-do","Uiwang-si",43869,21218,23602,7575,6902,139,13,54,17,57,18,32,66,351,23664
"Gyeonggi-do","Guri-si",51181,26113,28698,8167,8386,162,14,52,18,85,31,50,82,430,35673
"Gyeonggi-do","Namyangju-si",165079,86026,92048,25471,26319,584,67,213,73,210,102,139,306,1335,126273
"Gyeonggi-do","Osan-si",52358,21829,27201,7893,8415,117,19,66,36,82,30,35,120,482,42499
"Gyeonggi-do","Hwaseong-si",176940,69014,84967,26194,25910,401,58,284,81,267,118,141,345,1282,107780
"Gyeonggi-do","Siheung-si",103732,43248,58119,14846,17127,301,56,208,58,235,79,80,243,895,83579
"Gyeonggi-do","Gunpo-si",82551,34784,41883,12884,12595,239,21,150,34,121,37,54,135,596,42747
"Gyeonggi-do","Hanam-si",57298,31793,30999,9680,8135,174,17,68,19,109,24,43,86,492,37163
"Gyeonggi-do","Paju-si",107148,55347,54921,16819,20208,399,52,198,82,224,92,96,259,1002,83907
"Gyeonggi-do","Yeoju-si",20474,21581,14545,3936,4387,90,13,72,25,66,40,50,90,326,27450
"Gyeonggi-do","Icheon-si",44109,33301,26695,7913,8489,145,29,93,35,89,63,69,171,640,45742
"Gyeonggi-do","Cheoin-gu, Yongin-si",50423,33153,32027,8707,9227,152,32,80,44,98,57,59,164,649,49534
"Gyeonggi-do","Suji-gu, Yongin-si",95325,50229,47125,18555,13042,375,16,69,20,94,19,45,89,510,43296
"Gyeonggi-do","Giheung-gu, Yongin-si",116017,53405,55393,18992,16026,411,13,111,45,141,41,61,112,646,58397
"Gyeonggi-do","Anseong-si",39380,26693,25193,6427,7651,158,36,94,33,137,38,65,114,471,41681
"Gyeonggi-do","Gimpo-si",93697,48490,51081,15614,14517,309,41,131,53,152,58,69,160,703,65340
"Gyeonggi-do","Gwangju-si",80175,45030,46829,12629,12860,274,36,101,44,181,68,61,219,714,68941
"Gyeonggi-do","Pocheon-si",27632,28030,22505,5781,5529,114,29,69,36,108,46,62,134,545,38297
"Gyeonggi-do","Yeoncheon-gun",8384,9557,6805,1901,1581,41,10,28,21,21,18,33,50,225,10234
"Gyeonggi-do","Yangpyeong-gun",21329,24800,15653,4216,4194,157,14,52,26,31,34,77,86,387,24041
"Gyeonggi-do","Gapyeong-gun",10873,13865,9089,2231,2103,99,25,48,36,45,50,50,74,309,14583
"Gyeongsangbuk-do","Buk-gu, Pohang-si",38629,77138,26901,17421,9682,263,33,93,59,89,61,141,162,772,50481
"Gyeongsangbuk-do","Nam-gu, Pohang-si",34808,66319,24728,14382,8845,212,29,82,37,120,56,109,189,824,49684
"Gyeongsangbuk-do","Ulleung-gun",1443,3520,973,524,261,10,1,3,5,2,4,5,14,45,2158
"Gyeongsangbuk-do","Gyeongju-si",38092,80090,23898,13779,9274,331,45,99,76,166,76,206,229,935,50858
"Gyeongsangbuk-do","Gimcheon-si",22255,43998,12803,6336,5458,161,26,78,38,48,56,164,151,612,27641
"Gyeongsangbuk-do","Andong-si",23121,52978,15461,9186,5058,170,32,68,70,56,76,221,140,720,32580
"Gyeongsangbuk-do","Gumi-si",62573,98732,41141,25468,16027,419,57,119,73,105,72,166,350,1336,81536
"Gyeongsangbuk-do","Yeongju-si",15280,34504,10444,6451,3182,95,18,41,32,49,52,143,99,471,21256
"Gyeongsangbuk-do","Yeongcheon-si",12250,35328,9175,5553,2606,151,27,56,42,59,86,147,108,503,21368
"Gyeongsangbuk-do","Sangju-si",12356,38171,9392,4021,2589,133,15,50,33,84,63,246,122,442,20142
"Gyeongsangbuk-do","Mungyeong-si",8616,27832,6905,2981,1973,106,25,40,36,23,37,135,87,317,14440
"Gyeongsangbuk-do","Yecheon-gun",5261,18863,4427,1840,1018,52,14,21,23,34,59,155,75,282,8421
"Gyeongsangbuk-do","Gyeongsan-si",35602,72129,24606,17962,8551,334,38,82,50,142,61,116,194,927,52031
"Gyeongsangbuk-do","Cheongdo-gun",5323,17678,3654,2145,965,58,9,22,13,32,47,134,77,241,9107
"Gyeongsangbuk-do","Goryeong-gun",3754,13248,2600,1523,839,55,13,12,10,30,19,61,45,187,7568
"Gyeongsangbuk-do","Seongju-gun",5409,16788,3586,2056,1714,60,14,24,15,33,31,83,57,200,10214
"Gyeongsangbuk-do","Chilgok-gun",16872,31540,11340,7063,4327,137,22,36,20,45,17,71,111,405,26537
"Gyeongsangbuk-do","Gunwi-gun",2251,11651,1939,1054,470,42,7,5,7,15,10,57,29,90,4933
"Gyeongsangbuk-do","Uiseong-gun",5365,23790,4767,2184,1023,78,13,21,20,72,49,139,61,273,11913
"Gyeongsangbuk-do","Cheongsong-gun",3218,10669,2387,1180,605,37,5,14,29,20,23,90,25,116,5392
"Gyeongsangbuk-do","Yeongyang-gun",2281,6554,1701,697,438,20,6,14,145,3,12,57,21,99,3657
"Gyeongsangbuk-do","Yeongdeok-gun",3786,16314,3231,1513,807,46,8,14,11,18,33,82,45,217,8589
"Gyeongsangbuk-do","Bonghwa-gun",4209,12536,3370,1423,934,45,9,29,9,29,31,108,51,164,6665
"Gyeongsangbuk-do","Uljin-gun",6972,16867,4476,2275,1434,38,10,31,8,34,37,106,57,223,11186
"Gyeongsangnam-do","Uichang-gu, Changwon-si",60757,56887,22830,12134,9772,196,31,102,44,118,51,77,224,824,43328
"Gyeongsangnam-do","Seongsan-gu, Changwon-si",63717,42052,22923,12512,10826,152,17,55,31,116,41,49,156,680,30220
"Gyeongsangnam-do","Masanhappo-gu, Changwon-si",35592,54488,14686,7491,5887,112,18,58,46,50,28,63,160,602,34370
"Gyeongsangnam-do","Masanhoewon-gu, Changwon-si",45014,56340,17744,9228,7132,127,23,73,45,67,42,67,190,665,35549
"Gyeongsangnam-do","Jinhae-gu, Changwon-si",41249,40049,17435,8732,6186,108,17,73,38,53,31,63,181,564,32159
"Gyeongsangnam-do","Jinju-si",73929,93751,26687,14735,11243,212,44,111,92,182,83,240,308,1196,58292
"Gyeongsangnam-do","Tongyeong-si",25477,36128,10738,5332,4075,104,25,59,26,42,55,134,142,518,28424
"Gyeongsangnam-do","Goseong-gun",9848,16797,4104,1828,1459,51,13,19,13,21,39,75,71,265,12766
"Gyeongsangnam-do","Sacheon-si",22370,32475,8350,4135,3267,62,15,34,21,56,48,110,123,489,22822
"Gyeongsangnam-do","Gimhae-si",147972,82880,45126,21936,17441,291,52,158,79,157,83,123,387,1568,95765
"Gyeongsangnam-do","Miryang-si",20842,32394,9073,4441,2940,116,16,41,26,47,53,111,102,485,22881
"Gyeongsangnam-do","Geoje-si",68291,38775,20359,10941,10256,167,28,85,46,83,49,102,212,836,46706
"Gyeongsangnam-do","Uiryeong-gun",5115,10134,1984,820,690,29,5,24,8,21,42,97,75,214,6044
"Gyeongsangnam-do","Haman-gun",13597,19809,5399,2452,1986,43,17,18,18,34,31,65,86,311,13627
"Gyeongsangnam-do","Changnyeong-gun",10310,24464,3877,2013,1408,47,11,17,22,31,38,113,99,428,13018
"Gyeongsangnam-do","Yangsan-si",83412,58811,30945,14055,10705,212,41,132,46,130,48,104,240,954,56889
"Gyeongsangnam-do","Hadong-gun",11211,14864,4150,1792,1489,57,17,38,32,42,48,113,114,357,8882
"Gyeongsangnam-do","Namhae-gun",8680,14166,3906,1627,1248,36,13,27,15,20,35,68,87,280,9989
"Gyeongsangnam-do","Hamyang-gun",7388,13008,3203,1315,1118,44,14,32,16,27,27,111,61,276,8259
"Gyeongsangnam-do","Sancheong-gun",6561,12544,2753,1196,935,41,6,21,19,21,34,91,73,218,7702
"Gyeongsangnam-do","Geochang-gun",11256,19976,4923,2447,1923,46,12,37,22,48,54,105,100,376,12020
"Gyeongsangnam-do","Hapcheon-gun",7143,19699,3077,1317,1065,37,23,26,16,28,51,153,76,310,9866
"Incheon","Jung-gu",28030,16139,15405,4196,4837,122,14,59,22,54,19,27,64,232,25172
"Incheon","Dong-gu",16501,11446,10479,2484,3296,64,21,42,10,42,19,28,43,197,14690
"Incheon","Nam-gu",96338,60603,61034,15593,18179,373,57,254,44,142,82,93,221,1007,98483
"Incheon","Yeonsu-gu",85853,41920,48166,15928,14622,303,32,231,40,105,55,67,137,716,54168
"Incheon","Namdong-gu",136132,66178,77693,21335,23230,470,59,267,80,251,97,89,322,1222,103513
"Incheon","Bupyeong-gu",146859,66560,82590,21769,24630,501,72,263,64,222,107,103,325,1333,110052
"Incheon","Gyeyang-gu",88890,37234,48622,13418,15790,270,39,188,41,193,73,57,203,806,65438
"Incheon","Seo-gu",132399,56236,72248,20860,22418,423,64,238,76,177,86,80,264,1103,97362
"Incheon","Ganghwa-gun",12153,17041,9559,2233,2267,97,11,58,22,27,33,53,57,327,15937
"Incheon","Ongjin-gun",3935,5834,3092,875,656,23,5,18,11,17,23,28,45,185,4125
"Jeju-do","Jeju-si",125717,48027,55971,16885,23592,270,96,193,73,257,153,178,368,1383,102129
"Jeju-do","Seogwipo-si",43776,20036,21890,5899,8124,115,173,119,40,78,83,111,188,664,41412
"Jeollabuk-do","Wansan-gu, Jeonju-si",157637,7003,50506,6977,12678,74,40,300,36,128,44,73,160,727,53069
"Jeollabuk-do","Deokjin-gu, Jeonju-si",125375,5183,40188,5286,10773,54,23,154,32,113,34,43,163,500,42631
"Jeollabuk-do","Gunsan-si",109379,6360,42387,4638,8397,68,28,109,26,147,59,58,169,505,51269
"Jeollabuk-do","Iksan-si",123422,6470,45737,5324,9644,59,30,136,109,196,51,58,242,730,54519
"Jeollabuk-do","Jeongeup-si",45894,2175,20111,1462,3109,32,17,102,35,116,30,38,170,387,22484
"Jeollabuk-do","Namwon-si",35539,1939,13854,1098,2193,32,15,44,21,88,44,54,164,286,14798
"Jeollabuk-do","Gimje-si",35870,2052,15880,1190,2265,22,8,37,21,24,34,37,117,329,17470
"Jeollabuk-do","Wanju-gun",41057,2107,13897,1515,3306,20,16,52,13,67,25,35,120,240,15779
"Jeollabuk-do","Jinan-gun",11918,819,3904,392,806,12,3,12,2,13,22,23,83,98,4597
"Jeollabuk-do","Muju-gun",10381,1225,3998,434,723,8,4,19,8,23,15,17,63,101,4572
"Jeollabuk-do","Jangsu-gun",10714,717,3353,342,688,8,6,14,3,18,21,17,74,104,4044
"Jeollabuk-do","Imsil-gun",12893,771,5009,403,904,6,10,20,11,17,23,32,127,155,5482
"Jeollabuk-do","Sunchang-gun",12309,688,5624,324,755,15,9,11,7,114,23,22,107,118,5193
"Jeollabuk-do","Gochang-gun",23877,1215,11182,722,1433,31,20,30,11,95,47,53,183,289,11546
"Jeollabuk-do","Buan-gun",22482,1507,9837,695,1622,10,11,40,10,27,27,29,128,222,12379
"Jeollanam-do","Mokpo-si",77896,2584,53303,3013,7529,60,21,93,21,216,47,36,142,515,42144
"Jeollanam-do","Yeosu-si",117586,4281,50228,4207,7384,48,20,148,26,441,78,60,283,697,50118
"Jeollanam-do","Suncheon-si",122595,4525,40429,4326,7475,55,33,100,36,879,55,75,201,667,42305
"Jeollanam-do","Naju-si",43967,1448,21011,1484,2686,34,14,50,20,147,63,67,199,409,17713
"Jeollanam-do","Gwangyang-si",63544,4100,20080,3145,4553,48,15,61,22,270,22,38,151,335,24383
"Jeollanam-do","Damyang-gun",19961,698,10017,597,1212,10,12,25,10,121,30,29,104,194,8414
"Jeollanam-do","Jangseong-gun",17378,851,10167,674,1190,17,13,46,13,47,23,16,85,150,8413
"Jeollanam-do","Gokseong-gun",12152,624,6850,340,795,9,6,44,6,86,26,16,94,199,5424
"Jeollanam-do","Gurye-gun",11873,628,5188,285,639,4,3,20,2,93,13,13,50,113,4563
"Jeollanam-do","Goheung-gun",26882,1349,15614,703,1195,14,17,266,8,202,59,54,251,422,13065
"Jeollanam-do","Boseong-gun",16666,732,10514,537,945,13,6,51,14,94,34,48,127,186,8935
"Jeollanam-do","Hwasun-gun",25867,770,13832,727,1662,12,11,35,10,170,47,46,153,230,10921
"Jeollanam-do","Jangheung-gun",14821,636,9593,513,975,11,4,29,12,204,37,26,127,161,7539
"Jeollanam-do","Gangjin-gun",12476,753,10152,489,890,15,6,45,9,70,17,21,63,169,7124
"Jeollanam-do","Wando-gun",20945,762,11021,521,975,12,5,32,8,87,31,33,161,293,10103
"Jeollanam-do","Haenam-gun",25901,1158,18157,778,1581,14,6,61,14,134,42,36,129,340,15089
"Jeollanam-do","Jindo-gun",10392,511,8855,323,686,10,11,25,8,57,29,22,81,179,6425
"Jeollanam-do","Yeongam-gun",18999,825,13610,674,1773,10,11,47,26,62,32,30,72,231,10762
"Jeollanam-do","Muan-gun",29516,983,18052,979,2366,18,15,38,16,86,47,30,109,261,13481
"Jeollanam-do","Yeonggwang-gun",20595,819,11675,686,1320,16,20,57,11,282,39,30,165,204,10965
"Jeollanam-do","Hampyeong-gun",13539,471,7831,359,788,11,7,12,10,39,24,22,87,168,6859
"Jeollanam-do","Sinan-gun",14370,713,12000,459,890,13,16,34,13,30,44,34,131,203,9355
"Sejong-si","Sejong-si",77767,23211,32010,9192,9353,153,34,88,42,126,50,76,135,564,36620
"Seoul","Jongno-gu",42512,22325,22313,7412,7113,228,5,78,31,63,26,47,49,364,31203
"Seoul","Jung-gu",34062,17901,19372,5874,4993,158,12,53,21,55,18,25,51,257,26984
"Seoul","Yongsan-gu",58081,35230,32109,11825,9773,299,17,68,23,72,32,51,80,497,49805
"Seoul","Seongdong-gu",86686,40566,45674,15859,12936,304,16,94,46,108,41,58,124,663,55834
"Seoul","Gwangjin-gu",105512,46368,52824,17114,16540,312,24,120,48,127,48,65,129,799,65142
"Seoul","Dongdaemun-gu",98958,51631,53359,15129,15107,360,41,150,44,160,80,84,162,827,68880
"Seoul","Jungnang-gu",111450,56545,62778,15996,16817,373,34,155,74,152,65,90,215,962,86280
"Seoul","Seongbuk-gu",129263,57584,66518,19830,20519,407,34,190,55,172,65,107,178,944,82158
"Seoul","Gangbuk-gu",89645,42268,51669,11871,13482,324,34,145,45,123,53,93,150,712,70820
"Seoul","Dobong-gu",94898,47461,55600,14500,14923,352,30,162,43,152,38,79,144,851,64446
"Seoul","Nowon-gu",158167,67590,96325,24846,24498,548,37,168,85,210,81,120,232,1306,90209
"Seoul","Eunpyeong-gu",140180,60109,72582,19447,21955,432,49,188,656,160,61,115,181,1160,95811
"Seoul","Seodaemun-gu",93768,40513,46237,14798,15165,336,25,110,72,119,27,64,125,717,56911
"Seoul","Mapo-gu",117336,46547,52545,19059,19795,381,26,134,38,108,47,86,131,759,63491
"Seoul","Yangcheon-gu",133853,60814,71816,22987,19309,422,32,194,60,121,61,88,183,946,75507
"Seoul","Gangseo-gu",175882,76601,88128,27544,26001,569,56,248,77,215,60,142,284,1301,104692
"Seoul","Guro-gu",121077,59194,61734,17147,17437,373,45,141,57,165,56,98,190,1091,71719
"Seoul","Geumcheon-gu",67423,31106,36695,8835,9698,165,24,125,37,117,39,61,128,557,49122
"Seoul","Yeongdeungpo-gu",105834,53615,53994,18122,15439,374,37,138,50,122,52,86,154,816,67178
"Seoul","Dongjak-gu",121722,54431,60305,20593,17781,384,25,145,40,133,42,81,146,857,65749
"Seoul","Gwanak-gu",159854,59914,79495,23857,25300,549,58,197,79,293,73,113,223,1235,94795
"Seoul","Seocho-gu",106416,74891,63977,29231,16562,520,28,96,55,93,28,84,111,824,69603
"Seoul","Gangnam-gu",128927,97639,80201,36176,20287,714,39,121,80,97,49,101,163,1048,101390
"Seoul","Songpa-gu",177328,98549,99018,37438,26064,657,32,166,68,156,79,151,221,1271,105669
"Seoul","Gangdong-gu",122511,65893,67499,21483,17965,446,29,168,54,123,56,88,196,965,78955
"Ulsan","Jung-gu",56657,47625,26458,12399,12307,183,21,130,53,115,52,95,161,795,41364
"Ulsan","Nam-gu",80662,63331,39040,18536,16078,259,29,128,66,146,36,103,237,918,57298
"Ulsan","Dong-gu",44931,23701,19290,8337,11590,78,17,105,39,139,36,48,160,583,29325
"Ulsan","Buk-gu",52058,26596,20115,10004,12916,146,20,85,31,137,48,58,164,555,28520
"Ulsan","Ulju-gun",48486,42349,23617,11013,9296,163,41,127,51,104,48,107,204,747,39626
